{"cameraMode":{"drawMode":0,"name":"Shaded","section":"Shading Mode"},"sceneLighting":false,"audioPlay":false,"sceneViewState":{"m_AlwaysRefresh":false,"showFog":true,"showSkybox":false,"showFlares":true,"showImageEffects":true,"showParticleSystems":true,"showVisualEffectGraphs":true,"m_FxEnabled":true},"in2DMode":false,"pivot":{"x":0.2457590103149414,"y":0.48296183347702029,"z":0.636935293674469},"rotation":{"x":0.12528373301029206,"y":-0.5650888681411743,"z":0.0873185396194458,"w":0.8107797503471375},"size":1.2442049980163575,"orthographic":false}